{"cameraMode":{"drawMode":0,"name":"Shaded","section":"Shading Mode"},"sceneLighting":false,"audioPlay":false,"sceneViewState":{"showFog":false,"showMaterialUpdate":false,"showSkybox":false,"showFlares":false,"showImageEffects":false,"showParticleSystems":false},"in2DMode":false,"pivot":{"x":-30.728717803955079,"y":14.458045959472657,"z":-121.1875},"rotation":{"x":0.0016670918557792903,"y":0.9966236352920532,"z":-0.020932186394929887,"w":0.07939908653497696},"size":120.538330078125,"orthographic":true}