{"cameraMode":{"drawMode":0,"name":"Shaded","section":"Shading Mode"},"sceneLighting":false,"audioPlay":false,"sceneViewState":{"showFog":false,"showMaterialUpdate":false,"showSkybox":false,"showFlares":false,"showImageEffects":false,"showParticleSystems":false},"in2DMode":false,"pivot":{"x":-10.38958740234375,"y":0.559326171875,"z":-371.265625},"rotation":{"x":-0.00016200686513911933,"y":0.9993433952331543,"z":-0.004497097805142403,"w":-0.035991862416267398},"size":185.84486389160157,"orthographic":true}