{"cameraMode":{"drawMode":0,"name":"Shaded","section":"Shading Mode"},"sceneLighting":false,"audioPlay":false,"sceneViewState":{"showFog":false,"showMaterialUpdate":false,"showSkybox":false,"showFlares":false,"showImageEffects":false,"showParticleSystems":false},"in2DMode":false,"pivot":{"x":-11.666082382202149,"y":-37.29041290283203,"z":-360.94854736328127},"rotation":{"x":0.023260418325662614,"y":0.9707532525062561,"z":-0.10525072365999222,"w":0.2145320326089859},"size":6798.5029296875,"orthographic":false}