{"cameraMode":{"drawMode":0,"name":"Shaded","section":"Shading Mode"},"sceneLighting":false,"audioPlay":false,"sceneViewState":{"showFog":false,"showMaterialUpdate":false,"showSkybox":false,"showFlares":false,"showImageEffects":false,"showParticleSystems":false},"in2DMode":false,"pivot":{"x":-286.8999938964844,"y":2.90000057220459,"z":-325.62103271484377},"rotation":{"x":0.005276534706354141,"y":0.9911993145942688,"z":-0.04165482893586159,"w":0.1255565881729126},"size":393.8025817871094,"orthographic":true}