{"cameraMode":{"drawMode":0,"name":"Shaded","section":"Shading Mode"},"sceneLighting":false,"audioPlay":false,"sceneViewState":{"showFog":false,"showMaterialUpdate":false,"showSkybox":false,"showFlares":false,"showImageEffects":false,"showParticleSystems":false},"in2DMode":false,"pivot":{"x":-74.35000610351563,"y":20.476951599121095,"z":-296.25396728515627},"rotation":{"x":0.00029699396691285074,"y":0.9987592697143555,"z":0.005992662627249956,"w":-0.049478694796562198},"size":202.10137939453126,"orthographic":true}